{
  "_meta": {
    "purpose": "校准 AD 项目合成数据生成器, 使合成患者分布像真实患者",
    "created": "2026-04-25"
  },
  "datasets": {
    "ds004504": {
      "source_paper": "Miltiadous et al. 2023, MDPI Data 8(6):95",
      "doi": "10.18112/openneuro.ds004504",
      "modality": "EEG (19ch, 500Hz, eyes-closed)",
      "n_total": 88,
      "groups": {
        "ad": {
          "n": 36,
          "age": {
            "n": 36,
            "mean": 66.38888888888889,
            "sd": 7.889514842146155,
            "min": 49.0,
            "max": 79.0,
            "q25": 61.0,
            "q50": 67.0,
            "q75": 71.25
          },
          "mmse": {
            "n": 36,
            "mean": 17.75,
            "sd": 4.5,
            "min": 4.0,
            "max": 23.0,
            "q25": 16.0,
            "q50": 20.0,
            "q75": 20.0
          },
          "gender": {
            "F": 24,
            "M": 12
          }
        },
        "ctrl": {
          "n": 29,
          "age": {
            "n": 29,
            "mean": 67.89655172413794,
            "sd": 5.400693259640754,
            "min": 57.0,
            "max": 78.0,
            "q25": 64.0,
            "q50": 67.0,
            "q75": 71.0
          },
          "mmse": {
            "n": 29,
            "mean": 30.0,
            "sd": 0.0,
            "min": 30.0,
            "max": 30.0,
            "q25": 30.0,
            "q50": 30.0,
            "q75": 30.0
          },
          "gender": {
            "M": 18,
            "F": 11
          }
        },
        "ftd": {
          "n": 23,
          "age": {
            "n": 23,
            "mean": 63.65217391304348,
            "sd": 8.221969989840268,
            "min": 44.0,
            "max": 78.0,
            "q25": 60.5,
            "q50": 64.0,
            "q75": 70.5
          },
          "mmse": {
            "n": 23,
            "mean": 22.17391304347826,
            "sd": 2.6397688244693542,
            "min": 18.0,
            "max": 27.0,
            "q25": 20.0,
            "q50": 22.0,
            "q75": 24.0
          },
          "gender": {
            "M": 14,
            "F": 9
          }
        }
      }
    },
    "ds007427": {
      "source_paper": "Henao Isaza et al. 2026, PLOS ONE",
      "doi": "10.18112/openneuro.ds007427",
      "modality": "EEG",
      "note": "Colombia paisa 队列, 含 E280A PSEN1 家族性 AD 携带者",
      "n_total": 138,
      "groups": {
        "ad": {
          "n": 8,
          "age": null,
          "education": null,
          "gender": {},
          "mmse_total": null,
          "MM_Tiempo": null,
          "MM_espac": null,
          "MM_fijac": null,
          "MM_atenc": null,
          "MM_evoc": null,
          "MM_leng": null,
          "naming_total": null
        },
        "at_risk": {
          "n": 70,
          "age": {
            "n": 67,
            "mean": 31.52238805970149,
            "sd": 6.204490575516529,
            "min": 21.0,
            "max": 46.0,
            "q25": 27.5,
            "q50": 30.0,
            "q75": 35.0
          },
          "education": {
            "n": 67,
            "mean": 11.925373134328359,
            "sd": 3.001582576695474,
            "min": 5.0,
            "max": 18.0,
            "q25": 11.0,
            "q50": 13.0,
            "q75": 14.0
          },
          "gender": {
            "F": 41,
            "M": 26
          },
          "mmse_total": {
            "n": 67,
            "mean": 29.492537313432837,
            "sd": 0.9107628226059507,
            "min": 27.0,
            "max": 30.0,
            "q25": 29.0,
            "q50": 30.0,
            "q75": 30.0
          },
          "MM_Tiempo": {
            "n": 67,
            "mean": 4.955223880597015,
            "sd": 0.20837290442824938,
            "min": 4.0,
            "max": 5.0,
            "q25": 5.0,
            "q50": 5.0,
            "q75": 5.0
          },
          "MM_espac": {
            "n": 67,
            "mean": 4.865671641791045,
            "sd": 0.34357842332065347,
            "min": 4.0,
            "max": 5.0,
            "q25": 5.0,
            "q50": 5.0,
            "q75": 5.0
          },
          "MM_fijac": {
            "n": 67,
            "mean": 3.0,
            "sd": 0.0,
            "min": 3.0,
            "max": 3.0,
            "q25": 3.0,
            "q50": 3.0,
            "q75": 3.0
          },
          "MM_atenc": {
            "n": 67,
            "mean": 4.7611940298507465,
            "sd": 0.6534188001953004,
            "min": 2.0,
            "max": 5.0,
            "q25": 5.0,
            "q50": 5.0,
            "q75": 5.0
          },
          "MM_evoc": {
            "n": 67,
            "mean": 2.970149253731343,
            "sd": 0.17145979772029107,
            "min": 2.0,
            "max": 3.0,
            "q25": 3.0,
            "q50": 3.0,
            "q75": 3.0
          },
          "MM_leng": {
            "n": 67,
            "mean": 8.970149253731343,
            "sd": 0.17145979772029105,
            "min": 8.0,
            "max": 9.0,
            "q25": 9.0,
            "q50": 9.0,
            "q75": 9.0
          },
          "naming_total": {
            "n": 67,
            "mean": 12.985074626865671,
            "sd": 2.2729805376750334,
            "min": 0.0,
            "max": 15.0,
            "q25": 13.0,
            "q50": 13.0,
            "q75": 14.0
          }
        },
        "ctrl": {
          "n": 36,
          "age": {
            "n": 10,
            "mean": 51.7,
            "sd": 6.272515001532037,
            "min": 42.0,
            "max": 62.0,
            "q25": 46.5,
            "q50": 52.0,
            "q75": 55.0
          },
          "education": {
            "n": 10,
            "mean": 6.3,
            "sd": 4.498147766951785,
            "min": 2.0,
            "max": 17.0,
            "q25": 3.5,
            "q50": 5.0,
            "q75": 6.0
          },
          "gender": {
            "F": 6,
            "M": 4
          },
          "mmse_total": {
            "n": 10,
            "mean": 28.8,
            "sd": 0.9189365834726816,
            "min": 27.0,
            "max": 30.0,
            "q25": 28.25,
            "q50": 29.0,
            "q75": 29.0
          },
          "MM_Tiempo": {
            "n": 10,
            "mean": 5.0,
            "sd": 0.0,
            "min": 5.0,
            "max": 5.0,
            "q25": 5.0,
            "q50": 5.0,
            "q75": 5.0
          },
          "MM_espac": {
            "n": 10,
            "mean": 4.5,
            "sd": 0.5270462766947299,
            "min": 4.0,
            "max": 5.0,
            "q25": 4.0,
            "q50": 4.5,
            "q75": 5.0
          },
          "MM_fijac": {
            "n": 10,
            "mean": 3.0,
            "sd": 0.0,
            "min": 3.0,
            "max": 3.0,
            "q25": 3.0,
            "q50": 3.0,
            "q75": 3.0
          },
          "MM_atenc": {
            "n": 10,
            "mean": 4.7,
            "sd": 0.48304589153964794,
            "min": 4.0,
            "max": 5.0,
            "q25": 4.25,
            "q50": 5.0,
            "q75": 5.0
          },
          "MM_evoc": {
            "n": 10,
            "mean": 2.6,
            "sd": 0.966091783079296,
            "min": 0.0,
            "max": 3.0,
            "q25": 3.0,
            "q50": 3.0,
            "q75": 3.0
          },
          "MM_leng": {
            "n": 10,
            "mean": 9.0,
            "sd": 0.0,
            "min": 9.0,
            "max": 9.0,
            "q25": 9.0,
            "q50": 9.0,
            "q75": 9.0
          },
          "naming_total": {
            "n": 10,
            "mean": 11.2,
            "sd": 2.0976176963403033,
            "min": 8.0,
            "max": 14.0,
            "q25": 9.5,
            "q50": 11.0,
            "q75": 12.75
          }
        },
        "mci": {
          "n": 24,